"Date Watched","Type","Title","Episode Title","Global Title Identifier","Episode Global Title Identifier","Path","Episode Path","Image URL"
"2025-07-18 21:40:11.000","Series","The Boys - Season 4","Episode 8: Assassination Run","amzn1.dv.gti.00000000-0000-4000-8000-000000000001","amzn1.dv.gti.00000000-0000-4000-8000-000000000101","/detail/EXAMPLE0000000000000000001","/detail/EXAMPLE0000000000000000101",""
"2025-07-11 22:05:44.000","Series","The Boys - Season 3","Episode 6: Herogasm","amzn1.dv.gti.00000000-0000-4000-8000-000000000002","amzn1.dv.gti.00000000-0000-4000-8000-000000000102","/detail/EXAMPLE0000000000000000002","/detail/EXAMPLE0000000000000000102",""
"2025-07-04 20:12:03.000","Series","The Boys - Season 1","Episode 1: The Name of the Game","amzn1.dv.gti.00000000-0000-4000-8000-000000000003","amzn1.dv.gti.00000000-0000-4000-8000-000000000103","/detail/EXAMPLE0000000000000000003","/detail/EXAMPLE0000000000000000103",""
"2025-06-22 19:31:20.000","Series","Fallout - Season 1","Episode 8: The Beginning","amzn1.dv.gti.00000000-0000-4000-8000-000000000004","amzn1.dv.gti.00000000-0000-4000-8000-000000000104","/detail/EXAMPLE0000000000000000004","/detail/EXAMPLE0000000000000000104",""
"2025-06-15 18:02:57.000","Series","Reacher - Season 2","Episode 3: Bar-be-que","amzn1.dv.gti.00000000-0000-4000-8000-000000000005","amzn1.dv.gti.00000000-0000-4000-8000-000000000105","/detail/EXAMPLE0000000000000000005","/detail/EXAMPLE0000000000000000105",""
"2025-06-08 17:44:09.000","Series","Reacher - Season 1","Episode 1: Welcome to Margrave","amzn1.dv.gti.00000000-0000-4000-8000-000000000006","amzn1.dv.gti.00000000-0000-4000-8000-000000000106","/detail/EXAMPLE0000000000000000006","/detail/EXAMPLE0000000000000000106",""
"2025-05-30 21:18:35.000","Movie","The Big Sick","","amzn1.dv.gti.00000000-0000-4000-8000-000000000007","","/detail/EXAMPLE0000000000000000007","",""
"2025-05-24 20:50:02.000","Movie","Sound of Metal","","amzn1.dv.gti.00000000-0000-4000-8000-000000000008","","/detail/EXAMPLE0000000000000000008","",""
"2025-05-17 22:31:48.000","Movie","Manchester by the Sea","","amzn1.dv.gti.00000000-0000-4000-8000-000000000009","","/detail/EXAMPLE0000000000000000009","",""
